-- ============================================================
-- Mymiso Seed Data
-- 10 categories, 5 sellers, 50 products
-- ============================================================

-- Categories
insert into public.categories (id, name, slug, icon, sort_order) values
  ('c0000000-0000-0000-0000-000000000001', 'Electronics', 'electronics', 'Smartphone', 1),
  ('c0000000-0000-0000-0000-000000000002', 'Fashion', 'fashion', 'Shirt', 2),
  ('c0000000-0000-0000-0000-000000000003', 'Home & Garden', 'home-garden', 'Home', 3),
  ('c0000000-0000-0000-0000-000000000004', 'Beauty', 'beauty', 'Heart', 4),
  ('c0000000-0000-0000-0000-000000000005', 'Sports', 'sports', 'Dumbbell', 5),
  ('c0000000-0000-0000-0000-000000000006', 'Books', 'books', 'BookOpen', 6),
  ('c0000000-0000-0000-0000-000000000007', 'Automotive', 'automotive', 'Car', 7),
  ('c0000000-0000-0000-0000-000000000008', 'Baby & Kids', 'baby-kids', 'Baby', 8),
  ('c0000000-0000-0000-0000-000000000009', 'Gaming', 'gaming', 'Gamepad2', 9),
  ('c0000000-0000-0000-0000-000000000010', 'Food', 'food', 'Utensils', 10);

-- Note: Sellers reference profiles, which reference auth.users.
-- In production, create auth users first via Supabase Auth, then profiles auto-create.
-- For seed data, manually insert profiles and sellers with fixed UUIDs.

-- Seed profiles (these would normally be created by the auth trigger)
insert into public.profiles (id, full_name, role, preferred_language, preferred_currency) values
  ('a0000000-0000-0000-0000-000000000001', 'Karim Haddad', 'both', 'en', 'USD'),
  ('a0000000-0000-0000-0000-000000000002', 'Layla Mansour', 'both', 'en', 'USD'),
  ('a0000000-0000-0000-0000-000000000003', 'Omar Khalil', 'both', 'ar', 'USD'),
  ('a0000000-0000-0000-0000-000000000004', 'Nadia Saab', 'both', 'en', 'USD'),
  ('a0000000-0000-0000-0000-000000000005', 'Sami Rizk', 'both', 'en', 'LBP');

-- Sellers
insert into public.sellers (id, user_id, shop_name, shop_slug, shop_description, is_verified, country, rating_average, rating_count, total_sales) values
  ('s0000000-0000-0000-0000-000000000001', 'a0000000-0000-0000-0000-000000000001', 'TechZone LB', 'techzone-lb', 'Premium electronics and gadgets', true, 'LB', 4.70, 234, 1820),
  ('s0000000-0000-0000-0000-000000000002', 'a0000000-0000-0000-0000-000000000002', 'Layla Fashion', 'layla-fashion', 'Trendy clothing and accessories', true, 'LB', 4.50, 189, 2450),
  ('s0000000-0000-0000-0000-000000000003', 'a0000000-0000-0000-0000-000000000003', 'HomeStyle', 'homestyle', 'Home decor and furniture', false, 'LB', 4.30, 98, 560),
  ('s0000000-0000-0000-0000-000000000004', 'a0000000-0000-0000-0000-000000000004', 'Nadia Beauty', 'nadia-beauty', 'Skincare and cosmetics', true, 'LB', 4.80, 312, 3100),
  ('s0000000-0000-0000-0000-000000000005', 'a0000000-0000-0000-0000-000000000005', 'SportPro', 'sportpro', 'Sports equipment and activewear', false, 'LB', 4.20, 67, 340);

-- Products (50 total, 10 per seller)

-- TechZone LB products (Electronics)
insert into public.products (id, seller_id, category_id, title, slug, description, price, compare_at_price, stock_quantity, images, tags, is_active, is_featured, is_flash_deal, flash_deal_ends_at, rating_average, rating_count, total_sold, shipping_free) values
  ('p0000000-0000-0000-0000-000000000001', 's0000000-0000-0000-0000-000000000001', 'c0000000-0000-0000-0000-000000000001', 'Wireless Bluetooth Earbuds Pro', 'wireless-bluetooth-earbuds-pro', 'Premium noise-cancelling earbuds with 36-hour battery life. IPX5 water resistant.', 49.99, 79.99, 150, '{}', '{"earbuds","wireless","bluetooth"}', true, true, true, now() + interval '2 days', 4.60, 89, 420, true),
  ('p0000000-0000-0000-0000-000000000002', 's0000000-0000-0000-0000-000000000001', 'c0000000-0000-0000-0000-000000000001', 'Smart Watch Fitness Tracker', 'smart-watch-fitness-tracker', 'Track your health with heart rate, SpO2, sleep monitoring. 7-day battery.', 89.99, 129.99, 75, '{}', '{"smartwatch","fitness","health"}', true, true, false, null, 4.50, 156, 890, true),
  ('p0000000-0000-0000-0000-000000000003', 's0000000-0000-0000-0000-000000000001', 'c0000000-0000-0000-0000-000000000001', 'USB-C Hub 7-in-1', 'usb-c-hub-7-in-1', 'HDMI 4K, USB 3.0, SD card reader, PD charging. Aluminum build.', 34.99, null, 200, '{}', '{"usb-c","hub","accessories"}', true, false, false, null, 4.40, 67, 310, false),
  ('p0000000-0000-0000-0000-000000000004', 's0000000-0000-0000-0000-000000000001', 'c0000000-0000-0000-0000-000000000001', 'Portable Bluetooth Speaker', 'portable-bluetooth-speaker', 'Waterproof speaker with 360-degree sound. 20-hour playtime.', 39.99, 59.99, 120, '{}', '{"speaker","bluetooth","portable"}', true, false, true, now() + interval '1 day', 4.70, 201, 1050, true),
  ('p0000000-0000-0000-0000-000000000005', 's0000000-0000-0000-0000-000000000001', 'c0000000-0000-0000-0000-000000000001', '10000mAh Power Bank', 'power-bank-10000mah', 'Fast charging power bank with USB-C and USB-A ports. LED indicator.', 24.99, 34.99, 300, '{}', '{"powerbank","charging","portable"}', true, false, false, null, 4.30, 45, 230, false),
  ('p0000000-0000-0000-0000-000000000006', 's0000000-0000-0000-0000-000000000001', 'c0000000-0000-0000-0000-000000000001', 'Mechanical Keyboard RGB', 'mechanical-keyboard-rgb', 'Hot-swappable switches, per-key RGB, aluminum frame. USB-C.', 69.99, 99.99, 60, '{}', '{"keyboard","mechanical","gaming"}', true, false, false, null, 4.80, 78, 190, true),
  ('p0000000-0000-0000-0000-000000000007', 's0000000-0000-0000-0000-000000000001', 'c0000000-0000-0000-0000-000000000001', 'Webcam 1080p HD', 'webcam-1080p-hd', 'Auto-focus webcam with built-in microphone. Privacy shutter.', 29.99, null, 180, '{}', '{"webcam","camera","work"}', true, false, false, null, 4.20, 34, 150, false),
  ('p0000000-0000-0000-0000-000000000008', 's0000000-0000-0000-0000-000000000001', 'c0000000-0000-0000-0000-000000000001', 'Wireless Charging Pad', 'wireless-charging-pad', '15W fast wireless charger. Compatible with iPhone and Samsung.', 19.99, 29.99, 250, '{}', '{"charger","wireless","qi"}', true, false, false, null, 4.10, 23, 180, false),
  ('p0000000-0000-0000-0000-000000000009', 's0000000-0000-0000-0000-000000000001', 'c0000000-0000-0000-0000-000000000001', 'Laptop Stand Adjustable', 'laptop-stand-adjustable', 'Ergonomic aluminum laptop stand with 6 height levels.', 44.99, null, 90, '{}', '{"stand","laptop","ergonomic"}', true, false, false, null, 4.60, 56, 280, true),
  ('p0000000-0000-0000-0000-000000000010', 's0000000-0000-0000-0000-000000000001', 'c0000000-0000-0000-0000-000000000001', 'Noise Cancelling Headphones', 'noise-cancelling-headphones', 'Over-ear headphones with ANC, 40-hour battery, and premium drivers.', 129.99, 199.99, 40, '{}', '{"headphones","anc","audio"}', true, true, false, null, 4.90, 112, 560, true),

-- Layla Fashion products (Fashion)
  ('p0000000-0000-0000-0000-000000000011', 's0000000-0000-0000-0000-000000000002', 'c0000000-0000-0000-0000-000000000002', 'Cotton Crew Neck T-Shirt', 'cotton-crew-neck-tshirt', 'Premium 100% cotton tee. Available in 8 colors. Relaxed fit.', 18.99, 24.99, 500, '{}', '{"tshirt","cotton","basics"}', true, false, false, null, 4.40, 234, 1800, false),
  ('p0000000-0000-0000-0000-000000000012', 's0000000-0000-0000-0000-000000000002', 'c0000000-0000-0000-0000-000000000002', 'High-Waist Denim Jeans', 'high-waist-denim-jeans', 'Stretch denim with a flattering high-waist silhouette.', 54.99, 79.99, 200, '{}', '{"jeans","denim","women"}', true, true, true, now() + interval '3 days', 4.60, 178, 920, true),
  ('p0000000-0000-0000-0000-000000000013', 's0000000-0000-0000-0000-000000000002', 'c0000000-0000-0000-0000-000000000002', 'Linen Summer Dress', 'linen-summer-dress', 'Lightweight linen dress with adjustable straps. Perfect for summer.', 42.99, null, 120, '{}', '{"dress","linen","summer"}', true, true, false, null, 4.70, 89, 450, true),
  ('p0000000-0000-0000-0000-000000000014', 's0000000-0000-0000-0000-000000000002', 'c0000000-0000-0000-0000-000000000002', 'Leather Belt Classic', 'leather-belt-classic', 'Genuine leather belt with antique brass buckle.', 29.99, null, 180, '{}', '{"belt","leather","accessories"}', true, false, false, null, 4.30, 45, 210, false),
  ('p0000000-0000-0000-0000-000000000015', 's0000000-0000-0000-0000-000000000002', 'c0000000-0000-0000-0000-000000000002', 'Oversized Hoodie', 'oversized-hoodie', 'Cozy fleece-lined hoodie with kangaroo pocket. Unisex fit.', 39.99, 49.99, 300, '{}', '{"hoodie","unisex","streetwear"}', true, false, false, null, 4.50, 134, 780, false),
  ('p0000000-0000-0000-0000-000000000016', 's0000000-0000-0000-0000-000000000002', 'c0000000-0000-0000-0000-000000000002', 'Silk Scarf Printed', 'silk-scarf-printed', 'Hand-printed silk scarf with floral motif. 90x90cm.', 34.99, null, 80, '{}', '{"scarf","silk","accessories"}', true, false, false, null, 4.80, 56, 290, false),
  ('p0000000-0000-0000-0000-000000000017', 's0000000-0000-0000-0000-000000000002', 'c0000000-0000-0000-0000-000000000002', 'Canvas Sneakers', 'canvas-sneakers', 'Classic canvas low-top sneakers. Rubber sole. Multiple colors.', 32.99, 44.99, 250, '{}', '{"sneakers","shoes","casual"}', true, false, true, now() + interval '1 day', 4.40, 167, 890, true),
  ('p0000000-0000-0000-0000-000000000018', 's0000000-0000-0000-0000-000000000002', 'c0000000-0000-0000-0000-000000000002', 'Crossbody Bag Mini', 'crossbody-bag-mini', 'Compact crossbody with adjustable strap. Vegan leather.', 27.99, 39.99, 150, '{}', '{"bag","crossbody","vegan"}', true, false, false, null, 4.30, 78, 420, false),
  ('p0000000-0000-0000-0000-000000000019', 's0000000-0000-0000-0000-000000000002', 'c0000000-0000-0000-0000-000000000002', 'Wool Blend Cardigan', 'wool-blend-cardigan', 'Soft wool-blend cardigan with horn buttons. Relaxed fit.', 59.99, 79.99, 70, '{}', '{"cardigan","wool","winter"}', true, false, false, null, 4.60, 45, 180, true),
  ('p0000000-0000-0000-0000-000000000020', 's0000000-0000-0000-0000-000000000002', 'c0000000-0000-0000-0000-000000000002', 'Sunglasses Aviator', 'sunglasses-aviator', 'UV400 protection aviator sunglasses. Metal frame, polarized lenses.', 22.99, 34.99, 200, '{}', '{"sunglasses","aviator","accessories"}', true, false, false, null, 4.20, 89, 560, false),

-- HomeStyle products (Home & Garden)
  ('p0000000-0000-0000-0000-000000000021', 's0000000-0000-0000-0000-000000000003', 'c0000000-0000-0000-0000-000000000003', 'Ceramic Planter Set', 'ceramic-planter-set', 'Set of 3 minimalist ceramic planters with drainage holes.', 34.99, null, 80, '{}', '{"planter","ceramic","decor"}', true, true, false, null, 4.50, 67, 340, false),
  ('p0000000-0000-0000-0000-000000000022', 's0000000-0000-0000-0000-000000000003', 'c0000000-0000-0000-0000-000000000003', 'Bamboo Cutting Board', 'bamboo-cutting-board', 'Large organic bamboo cutting board with juice groove.', 24.99, 34.99, 120, '{}', '{"kitchen","bamboo","cutting"}', true, false, false, null, 4.60, 89, 450, false),
  ('p0000000-0000-0000-0000-000000000023', 's0000000-0000-0000-0000-000000000003', 'c0000000-0000-0000-0000-000000000003', 'LED Desk Lamp', 'led-desk-lamp', 'Dimmable LED desk lamp with USB charging port and 3 color modes.', 39.99, 54.99, 90, '{}', '{"lamp","led","desk"}', true, false, true, now() + interval '2 days', 4.40, 56, 280, true),
  ('p0000000-0000-0000-0000-000000000024', 's0000000-0000-0000-0000-000000000003', 'c0000000-0000-0000-0000-000000000003', 'Cotton Throw Blanket', 'cotton-throw-blanket', 'Soft woven cotton throw. 130x170cm. Machine washable.', 29.99, null, 150, '{}', '{"blanket","cotton","cozy"}', true, false, false, null, 4.70, 78, 390, false),
  ('p0000000-0000-0000-0000-000000000025', 's0000000-0000-0000-0000-000000000003', 'c0000000-0000-0000-0000-000000000003', 'Wall Art Canvas Print', 'wall-art-canvas-print', 'Abstract art canvas print. Gallery-wrapped, ready to hang. 60x40cm.', 44.99, 64.99, 60, '{}', '{"art","canvas","wall"}', true, false, false, null, 4.30, 34, 170, false),
  ('p0000000-0000-0000-0000-000000000026', 's0000000-0000-0000-0000-000000000003', 'c0000000-0000-0000-0000-000000000003', 'Scented Candle Set', 'scented-candle-set', 'Set of 4 soy wax candles. Lavender, vanilla, cedar, and ocean scents.', 22.99, 29.99, 200, '{}', '{"candle","scented","home"}', true, false, false, null, 4.50, 123, 620, false),
  ('p0000000-0000-0000-0000-000000000027', 's0000000-0000-0000-0000-000000000003', 'c0000000-0000-0000-0000-000000000003', 'Kitchen Organizer Shelf', 'kitchen-organizer-shelf', 'Expandable bamboo shelf organizer for cabinets and countertops.', 19.99, null, 180, '{}', '{"organizer","kitchen","bamboo"}', true, false, false, null, 4.20, 45, 230, false),
  ('p0000000-0000-0000-0000-000000000028', 's0000000-0000-0000-0000-000000000003', 'c0000000-0000-0000-0000-000000000003', 'Linen Table Runner', 'linen-table-runner', 'Natural linen table runner with fringe. 35x180cm.', 18.99, null, 100, '{}', '{"table","linen","dining"}', true, false, false, null, 4.40, 23, 120, false),
  ('p0000000-0000-0000-0000-000000000029', 's0000000-0000-0000-0000-000000000003', 'c0000000-0000-0000-0000-000000000003', 'Indoor Herb Garden Kit', 'indoor-herb-garden-kit', 'Complete kit with pots, soil, and seeds for basil, mint, and cilantro.', 27.99, 39.99, 70, '{}', '{"garden","herbs","indoor"}', true, false, false, null, 4.60, 56, 280, true),
  ('p0000000-0000-0000-0000-000000000030', 's0000000-0000-0000-0000-000000000003', 'c0000000-0000-0000-0000-000000000003', 'Decorative Mirror Round', 'decorative-mirror-round', 'Round wall mirror with rattan frame. 50cm diameter.', 49.99, 69.99, 40, '{}', '{"mirror","rattan","decor"}', true, true, false, null, 4.80, 67, 180, false),

-- Nadia Beauty products (Beauty)
  ('p0000000-0000-0000-0000-000000000031', 's0000000-0000-0000-0000-000000000004', 'c0000000-0000-0000-0000-000000000004', 'Vitamin C Serum', 'vitamin-c-serum', '20% Vitamin C serum with hyaluronic acid. Brightening formula. 30ml.', 24.99, 39.99, 300, '{}', '{"serum","vitaminc","skincare"}', true, true, true, now() + interval '2 days', 4.90, 234, 1800, true),
  ('p0000000-0000-0000-0000-000000000032', 's0000000-0000-0000-0000-000000000004', 'c0000000-0000-0000-0000-000000000004', 'Hydrating Face Moisturizer', 'hydrating-face-moisturizer', 'Lightweight gel moisturizer with ceramides. For all skin types. 50ml.', 19.99, null, 250, '{}', '{"moisturizer","hydrating","face"}', true, true, false, null, 4.80, 189, 1200, true),
  ('p0000000-0000-0000-0000-000000000033', 's0000000-0000-0000-0000-000000000004', 'c0000000-0000-0000-0000-000000000004', 'Matte Lipstick Collection', 'matte-lipstick-collection', 'Set of 6 matte lipsticks in nude to bold shades. Long-lasting.', 29.99, 44.99, 180, '{}', '{"lipstick","matte","makeup"}', true, false, false, null, 4.60, 156, 890, false),
  ('p0000000-0000-0000-0000-000000000034', 's0000000-0000-0000-0000-000000000004', 'c0000000-0000-0000-0000-000000000004', 'Retinol Night Cream', 'retinol-night-cream', 'Anti-aging retinol cream with peptides and niacinamide. 50ml.', 34.99, 49.99, 120, '{}', '{"retinol","antiaging","night"}', true, false, false, null, 4.70, 98, 560, true),
  ('p0000000-0000-0000-0000-000000000035', 's0000000-0000-0000-0000-000000000004', 'c0000000-0000-0000-0000-000000000004', 'Makeup Brush Set', 'makeup-brush-set', '12-piece professional makeup brush set with travel case.', 22.99, 34.99, 200, '{}', '{"brushes","makeup","tools"}', true, false, true, now() + interval '1 day', 4.50, 67, 340, false),
  ('p0000000-0000-0000-0000-000000000036', 's0000000-0000-0000-0000-000000000004', 'c0000000-0000-0000-0000-000000000004', 'Sunscreen SPF 50', 'sunscreen-spf-50', 'Lightweight mineral sunscreen. No white cast. 60ml.', 16.99, null, 400, '{}', '{"sunscreen","spf","protection"}', true, false, false, null, 4.80, 312, 2100, false),
  ('p0000000-0000-0000-0000-000000000037', 's0000000-0000-0000-0000-000000000004', 'c0000000-0000-0000-0000-000000000004', 'Hair Oil Argan', 'hair-oil-argan', 'Pure argan oil for hair. Reduces frizz and adds shine. 100ml.', 14.99, 19.99, 350, '{}', '{"hair","argan","oil"}', true, false, false, null, 4.40, 89, 560, false),
  ('p0000000-0000-0000-0000-000000000038', 's0000000-0000-0000-0000-000000000004', 'c0000000-0000-0000-0000-000000000004', 'Exfoliating Face Scrub', 'exfoliating-face-scrub', 'Gentle exfoliator with apricot kernel and AHA. 100ml.', 12.99, null, 280, '{}', '{"scrub","exfoliate","face"}', true, false, false, null, 4.30, 45, 230, false),
  ('p0000000-0000-0000-0000-000000000039', 's0000000-0000-0000-0000-000000000004', 'c0000000-0000-0000-0000-000000000004', 'Sheet Mask Variety Pack', 'sheet-mask-variety-pack', 'Pack of 10 sheet masks. Hydrating, brightening, soothing, and firming.', 17.99, 24.99, 400, '{}', '{"mask","sheet","skincare"}', true, false, false, null, 4.50, 178, 1100, false),
  ('p0000000-0000-0000-0000-000000000040', 's0000000-0000-0000-0000-000000000004', 'c0000000-0000-0000-0000-000000000004', 'Eyeshadow Palette Neutral', 'eyeshadow-palette-neutral', '18-shade neutral eyeshadow palette. Mix of matte and shimmer.', 26.99, 39.99, 150, '{}', '{"eyeshadow","palette","makeup"}', true, false, false, null, 4.70, 134, 780, true),

-- SportPro products (Sports)
  ('p0000000-0000-0000-0000-000000000041', 's0000000-0000-0000-0000-000000000005', 'c0000000-0000-0000-0000-000000000005', 'Yoga Mat Premium', 'yoga-mat-premium', 'Non-slip TPE yoga mat. 6mm thick with alignment lines. Includes carry strap.', 29.99, 44.99, 100, '{}', '{"yoga","mat","fitness"}', true, true, false, null, 4.60, 89, 450, true),
  ('p0000000-0000-0000-0000-000000000042', 's0000000-0000-0000-0000-000000000005', 'c0000000-0000-0000-0000-000000000005', 'Resistance Bands Set', 'resistance-bands-set', 'Set of 5 resistance bands with handles. 10-50 lbs range.', 19.99, 29.99, 200, '{}', '{"resistance","bands","workout"}', true, false, true, now() + interval '3 days', 4.40, 67, 340, false),
  ('p0000000-0000-0000-0000-000000000043', 's0000000-0000-0000-0000-000000000005', 'c0000000-0000-0000-0000-000000000005', 'Running Shoes Lightweight', 'running-shoes-lightweight', 'Breathable mesh running shoes with cushioned sole. 220g.', 64.99, 89.99, 80, '{}', '{"shoes","running","lightweight"}', true, true, false, null, 4.50, 156, 780, true),
  ('p0000000-0000-0000-0000-000000000044', 's0000000-0000-0000-0000-000000000005', 'c0000000-0000-0000-0000-000000000005', 'Stainless Steel Water Bottle', 'stainless-steel-water-bottle', 'Double-wall insulated bottle. Keeps cold 24h, hot 12h. 750ml.', 17.99, null, 350, '{}', '{"bottle","water","insulated"}', true, false, false, null, 4.70, 201, 1050, false),
  ('p0000000-0000-0000-0000-000000000045', 's0000000-0000-0000-0000-000000000005', 'c0000000-0000-0000-0000-000000000005', 'Gym Gloves Pro', 'gym-gloves-pro', 'Padded weight lifting gloves with wrist support. Breathable.', 14.99, 19.99, 250, '{}', '{"gloves","gym","lifting"}', true, false, false, null, 4.30, 45, 230, false),
  ('p0000000-0000-0000-0000-000000000046', 's0000000-0000-0000-0000-000000000005', 'c0000000-0000-0000-0000-000000000005', 'Jump Rope Speed', 'jump-rope-speed', 'Adjustable speed rope with ball bearings. Weighted handles.', 12.99, null, 180, '{}', '{"jumprope","cardio","fitness"}', true, false, false, null, 4.20, 34, 170, false),
  ('p0000000-0000-0000-0000-000000000047', 's0000000-0000-0000-0000-000000000005', 'c0000000-0000-0000-0000-000000000005', 'Foam Roller Massage', 'foam-roller-massage', 'High-density foam roller for muscle recovery. Textured surface. 45cm.', 22.99, 29.99, 120, '{}', '{"roller","foam","recovery"}', true, false, false, null, 4.50, 56, 280, false),
  ('p0000000-0000-0000-0000-000000000048', 's0000000-0000-0000-0000-000000000005', 'c0000000-0000-0000-0000-000000000005', 'Compression Leggings', 'compression-leggings', 'High-waist compression leggings with pocket. Squat-proof fabric.', 34.99, 49.99, 150, '{}', '{"leggings","compression","women"}', true, false, false, null, 4.60, 78, 420, true),
  ('p0000000-0000-0000-0000-000000000049', 's0000000-0000-0000-0000-000000000005', 'c0000000-0000-0000-0000-000000000005', 'Dumbbell Set Adjustable', 'dumbbell-set-adjustable', 'Adjustable dumbbells 2.5-25kg each. Space-saving design.', 149.99, 199.99, 30, '{}', '{"dumbbell","weights","home"}', true, false, false, null, 4.80, 23, 90, true),
  ('p0000000-0000-0000-0000-000000000050', 's0000000-0000-0000-0000-000000000005', 'c0000000-0000-0000-0000-000000000005', 'Sports Duffle Bag', 'sports-duffle-bag', 'Large gym duffle with shoe compartment. Water-resistant fabric.', 27.99, 39.99, 100, '{}', '{"bag","duffle","gym"}', true, false, false, null, 4.40, 67, 340, false);
